{
    "rmse": 0.7163462800599052,
    "mae": 0.5639389220191425,
    "r2": 0.2908285996725867
}