{
    "rmse": 0.6685888152485614,
    "mae": 0.510269298611141,
    "r2": 0.26928390543348424
}